split,loss,bin_head_loss,shade_head_loss,score_head_loss,veg_head_loss,bin_head_binary_accuracy,shade_head_sparse_categorical_accuracy,score_head_sparse_categorical_accuracy,veg_head_sparse_categorical_accuracy
train,3.172420024871826,0.42530331015586853,0.6368361115455627,1.167112946510315,0.9431675672531128,0.7972705960273743,0.7104430198669434,0.49103376269340515,0.6181434392929077
val,3.741943359375,0.4265107214450836,0.6507477760314941,1.475055456161499,1.1896283626556396,0.8022152185440063,0.7294303774833679,0.36867088079452515,0.4905063211917877
test,3.868987560272217,0.43073591589927673,0.7346029877662659,1.4713044166564941,1.2323458194732666,0.7909414768218994,0.6962025165557861,0.4066455662250519,0.4778481125831604
