split,loss,bin_head_loss,shade_head_loss,score_head_loss,veg_head_loss,bin_head_binary_accuracy,shade_head_sparse_categorical_accuracy,score_head_sparse_categorical_accuracy,veg_head_sparse_categorical_accuracy
train,3.1680057048797607,0.3647966682910919,0.5003718137741089,1.165521502494812,1.1335257291793823,0.8322339653968811,0.7871592044830322,0.5057168006896973,0.5347405672073364
val,4.494330883026123,0.4088735282421112,0.855053186416626,1.6984649896621704,1.5390163660049438,0.8050791621208191,0.6754617691040039,0.3588390648365021,0.38522428274154663
test,4.1412129402160645,0.39328351616859436,0.7606427669525146,1.4407209157943726,1.5275278091430664,0.815963089466095,0.6781002879142761,0.4459103047847748,0.39050132036209106
